-- phpMyAdmin SQL Dump
-- version 4.9.1
-- https://www.phpmyadmin.net/
--
-- Servidor: 127.0.0.1
-- Tiempo de generación: 20-06-2020 a las 23:39:04
-- Versión del servidor: 10.4.8-MariaDB
-- Versión de PHP: 7.3.10

SET SQL_MODE = "NO_AUTO_VALUE_ON_ZERO";
SET AUTOCOMMIT = 0;
START TRANSACTION;
SET time_zone = "+00:00";


/*!40101 SET @OLD_CHARACTER_SET_CLIENT=@@CHARACTER_SET_CLIENT */;
/*!40101 SET @OLD_CHARACTER_SET_RESULTS=@@CHARACTER_SET_RESULTS */;
/*!40101 SET @OLD_COLLATION_CONNECTION=@@COLLATION_CONNECTION */;
/*!40101 SET NAMES utf8mb4 */;

--
-- Base de datos: `dbsistema`
--

-- --------------------------------------------------------

--
-- Estructura de tabla para la tabla `articulo`
--

CREATE TABLE `articulo` (
  `idarticulo` int(11) NOT NULL,
  `idcategoria` int(11) NOT NULL,
  `codigo` varchar(50) DEFAULT NULL,
  `nombre` varchar(100) NOT NULL,
  `stock` int(11) NOT NULL,
  `descripcion` varchar(256) DEFAULT NULL,
  `imagen` varchar(50) DEFAULT NULL,
  `condicion` tinyint(1) NOT NULL DEFAULT 1
) ENGINE=InnoDB DEFAULT CHARSET=latin1;

--
-- Volcado de datos para la tabla `articulo`
--

INSERT INTO `articulo` (`idarticulo`, `idcategoria`, `codigo`, `nombre`, `stock`, `descripcion`, `imagen`, `condicion`) VALUES
(1, 1, '12345', 'pc', 3, 'pc', '1589987106.jpg', 1),
(2, 2, '1234569', 'pan dulce', 47, 'pan dulce', '', 1),
(3, 3, '', 'cable basico', 1, 'cable y toda onda', '', 1);

-- --------------------------------------------------------

--
-- Estructura de tabla para la tabla `categoria`
--

CREATE TABLE `categoria` (
  `idcategoria` int(11) NOT NULL,
  `nombre` varchar(50) NOT NULL,
  `descripcion` varchar(256) DEFAULT NULL,
  `condicion` tinyint(1) NOT NULL DEFAULT 1
) ENGINE=InnoDB DEFAULT CHARSET=latin1;

--
-- Volcado de datos para la tabla `categoria`
--

INSERT INTO `categoria` (`idcategoria`, `nombre`, `descripcion`, `condicion`) VALUES
(1, 'categoria1', 'cat 1', 1),
(2, 'pan', 'pan', 1),
(3, 'cable', 'cable', 1),
(4, 'marvin', 'se la come', 1),
(5, 'floreria', 'venta de flores', 1);

-- --------------------------------------------------------

--
-- Estructura de tabla para la tabla `detalle_ingreso`
--

CREATE TABLE `detalle_ingreso` (
  `iddetalle_ingreso` int(11) NOT NULL,
  `idingreso` int(11) NOT NULL,
  `idarticulo` int(11) NOT NULL,
  `cantidad` int(11) NOT NULL,
  `precio_compra` decimal(11,2) NOT NULL,
  `precio_venta` decimal(11,2) NOT NULL
) ENGINE=InnoDB DEFAULT CHARSET=latin1;

--
-- Volcado de datos para la tabla `detalle_ingreso`
--

INSERT INTO `detalle_ingreso` (`iddetalle_ingreso`, `idingreso`, `idarticulo`, `cantidad`, `precio_compra`, `precio_venta`) VALUES
(1, 1, 1, 10, '500.00', '600.00'),
(2, 2, 2, 25, '10.00', '15.00');

--
-- Disparadores `detalle_ingreso`
--
DELIMITER $$
CREATE TRIGGER `tr_updStockIngreso` AFTER INSERT ON `detalle_ingreso` FOR EACH ROW BEGIN
 UPDATE articulo SET stock = stock + NEW.cantidad 
 WHERE articulo.idarticulo = NEW.idarticulo;
END
$$
DELIMITER ;

-- --------------------------------------------------------

--
-- Estructura de tabla para la tabla `detalle_venta`
--

CREATE TABLE `detalle_venta` (
  `iddetalle_venta` int(11) NOT NULL,
  `idventa` int(11) NOT NULL,
  `idarticulo` int(11) NOT NULL,
  `cantidad` int(11) NOT NULL,
  `precio_venta` decimal(11,2) NOT NULL,
  `descuento` decimal(11,2) NOT NULL
) ENGINE=InnoDB DEFAULT CHARSET=latin1;

--
-- Volcado de datos para la tabla `detalle_venta`
--

INSERT INTO `detalle_venta` (`iddetalle_venta`, `idventa`, `idarticulo`, `cantidad`, `precio_venta`, `descuento`) VALUES
(1, 1, 1, 3, '1500.00', '10.00'),
(2, 2, 1, 5, '600.00', '0.00'),
(3, 3, 1, 1, '600.00', '0.00'),
(4, 4, 1, 1, '600.00', '0.00'),
(5, 5, 1, 1, '600.00', '0.00'),
(6, 5, 2, 1, '15.00', '0.00'),
(7, 6, 2, 1, '15.00', '0.00'),
(8, 7, 2, 1, '15.00', '0.00'),
(9, 7, 1, 1, '600.00', '0.00');

--
-- Disparadores `detalle_venta`
--
DELIMITER $$
CREATE TRIGGER `tr_updStockVenta` AFTER INSERT ON `detalle_venta` FOR EACH ROW BEGIN
 UPDATE articulo SET stock = stock - NEW.cantidad 
 WHERE articulo.idarticulo = NEW.idarticulo;
END
$$
DELIMITER ;

-- --------------------------------------------------------

--
-- Estructura de tabla para la tabla `ingreso`
--

CREATE TABLE `ingreso` (
  `idingreso` int(11) NOT NULL,
  `idproveedor` int(11) NOT NULL,
  `idusuario` int(11) NOT NULL,
  `tipo_comprobante` varchar(20) NOT NULL,
  `serie_comprobante` varchar(7) DEFAULT NULL,
  `num_comprobante` varchar(10) NOT NULL,
  `fecha_hora` datetime NOT NULL,
  `impuesto` decimal(4,2) NOT NULL,
  `total_compra` decimal(11,2) NOT NULL,
  `estado` varchar(20) NOT NULL
) ENGINE=InnoDB DEFAULT CHARSET=latin1;

--
-- Volcado de datos para la tabla `ingreso`
--

INSERT INTO `ingreso` (`idingreso`, `idproveedor`, `idusuario`, `tipo_comprobante`, `serie_comprobante`, `num_comprobante`, `fecha_hora`, `impuesto`, `total_compra`, `estado`) VALUES
(1, 2, 2, 'Factura', '123456', '123', '2020-04-27 00:00:00', '10.00', '5000.00', 'Aceptado'),
(2, 2, 3, 'Factura', '21436', '5456', '2020-05-22 00:00:00', '0.30', '250.00', 'Aceptado');

-- --------------------------------------------------------

--
-- Estructura de tabla para la tabla `permiso`
--

CREATE TABLE `permiso` (
  `idpermiso` int(11) NOT NULL,
  `nombre` varchar(30) NOT NULL
) ENGINE=InnoDB DEFAULT CHARSET=latin1;

--
-- Volcado de datos para la tabla `permiso`
--

INSERT INTO `permiso` (`idpermiso`, `nombre`) VALUES
(1, 'Escritorio'),
(2, 'Almacen'),
(3, 'Compras'),
(4, 'Ventas'),
(5, 'Acceso'),
(6, 'Consulta Compras'),
(7, 'Consulta Ventas');

-- --------------------------------------------------------

--
-- Estructura de tabla para la tabla `persona`
--

CREATE TABLE `persona` (
  `idpersona` int(11) NOT NULL,
  `tipo_persona` varchar(20) NOT NULL,
  `nombre` varchar(100) NOT NULL,
  `tipo_documento` varchar(20) DEFAULT NULL,
  `num_documento` varchar(20) DEFAULT NULL,
  `direccion` varchar(70) DEFAULT NULL,
  `telefono` varchar(20) DEFAULT NULL,
  `email` varchar(50) DEFAULT NULL
) ENGINE=InnoDB DEFAULT CHARSET=latin1;

--
-- Volcado de datos para la tabla `persona`
--

INSERT INTO `persona` (`idpersona`, `tipo_persona`, `nombre`, `tipo_documento`, `num_documento`, `direccion`, `telefono`, `email`) VALUES
(1, 'Cliente', 'josue', 'DNI', '12345678', 'san miguel', '26610001', 'josue94aquino@hotmail.com'),
(2, 'Proveedor', 'josue', 'DNI', '12345678', 'san miguel', '7035-1340', 'informatica@hospitaldeespecialidades.com.sv');

-- --------------------------------------------------------

--
-- Estructura de tabla para la tabla `usuario`
--

CREATE TABLE `usuario` (
  `idusuario` int(11) NOT NULL,
  `nombre` varchar(100) NOT NULL,
  `tipo_documento` varchar(20) NOT NULL,
  `num_documento` varchar(20) NOT NULL,
  `direccion` varchar(70) DEFAULT NULL,
  `telefono` varchar(20) DEFAULT NULL,
  `email` varchar(50) DEFAULT NULL,
  `cargo` varchar(20) DEFAULT NULL,
  `login` varchar(20) NOT NULL,
  `clave` varchar(64) NOT NULL,
  `imagen` varchar(50) NOT NULL,
  `condicion` tinyint(1) NOT NULL DEFAULT 1
) ENGINE=InnoDB DEFAULT CHARSET=latin1;

--
-- Volcado de datos para la tabla `usuario`
--

INSERT INTO `usuario` (`idusuario`, `nombre`, `tipo_documento`, `num_documento`, `direccion`, `telefono`, `email`, `cargo`, `login`, `clave`, `imagen`, `condicion`) VALUES
(1, 'Juan Carlos Arcila', 'DNI', '47715777', 'Jose Gálvez 1368 - Chongoyape', '931742904', '', '', 'admin', '12345', '1487132068.jpg', 1),
(2, 'josue', 'DNI', '12345678', 'san miguel', '26610001', '', 'gerente', 'jflores', '12345', '1587996570.jpg', 1),
(3, 'ventas', 'DNI', '1247856978', 'san miguel', '26610001', 'josue94aquino@hotmail.com', 'vendedor', 'ventas', '12345', '1590163026.jpg', 0),
(4, 'franklin', 'DUI', '021478539-2', 'la union', '74582131', 'ejemplo@ejemplo.com', 'dba', 'fpereira', '12345', '1592686785.jpeg', 1),
(5, 'Luis Rivas', 'DUI', '124578-6', 'San Miguel', '75841236', 'lrivas@ugb.edu.sv', 'docente', 'lrivas', '12345', '', 1),
(6, 'Franklin Pereira', 'DUI', '12345678-9', 'Delicias de Conceción, Morazán', '7045 1904', 'franklin.016818@gmail.com', 'DBA', 'franklin78', '20178', '1592687873.png', 1);

-- --------------------------------------------------------

--
-- Estructura de tabla para la tabla `usuario_permiso`
--

CREATE TABLE `usuario_permiso` (
  `idusuario_permiso` int(11) NOT NULL,
  `idusuario` int(11) NOT NULL,
  `idpermiso` int(11) NOT NULL
) ENGINE=InnoDB DEFAULT CHARSET=latin1;

--
-- Volcado de datos para la tabla `usuario_permiso`
--

INSERT INTO `usuario_permiso` (`idusuario_permiso`, `idusuario`, `idpermiso`) VALUES
(96, 1, 1),
(97, 1, 2),
(98, 1, 3),
(99, 1, 4),
(100, 1, 5),
(101, 1, 6),
(102, 1, 7),
(124, 2, 1),
(125, 2, 2),
(126, 2, 3),
(127, 2, 4),
(128, 2, 5),
(129, 2, 6),
(130, 2, 7),
(131, 3, 2),
(132, 3, 3),
(133, 3, 4),
(134, 4, 2),
(135, 4, 4),
(136, 5, 1),
(137, 5, 2),
(138, 5, 5),
(139, 5, 7),
(142, 6, 4),
(143, 6, 7);

-- --------------------------------------------------------

--
-- Estructura de tabla para la tabla `venta`
--

CREATE TABLE `venta` (
  `idventa` int(11) NOT NULL,
  `idcliente` int(11) NOT NULL,
  `idusuario` int(11) NOT NULL,
  `tipo_comprobante` varchar(20) NOT NULL,
  `serie_comprobante` varchar(7) DEFAULT NULL,
  `num_comprobante` varchar(10) NOT NULL,
  `fecha_hora` datetime NOT NULL,
  `impuesto` decimal(4,2) NOT NULL,
  `total_venta` decimal(11,2) NOT NULL,
  `estado` varchar(20) NOT NULL
) ENGINE=InnoDB DEFAULT CHARSET=latin1;

--
-- Volcado de datos para la tabla `venta`
--

INSERT INTO `venta` (`idventa`, `idcliente`, `idusuario`, `tipo_comprobante`, `serie_comprobante`, `num_comprobante`, `fecha_hora`, `impuesto`, `total_venta`, `estado`) VALUES
(1, 1, 1, 'Ticket', '12345', '6', '2020-04-27 00:00:00', '0.00', '4490.00', 'Aceptado'),
(2, 1, 2, 'Boleta', '1234587', '25698', '2020-04-27 00:00:00', '0.13', '3000.00', 'Aceptado'),
(3, 1, 2, 'Boleta', '14789', '369', '2020-04-27 00:00:00', '13.00', '600.00', 'Aceptado'),
(4, 1, 1, 'Boleta', '456', '456', '2020-05-20 00:00:00', '10.00', '600.00', 'Aceptado'),
(5, 1, 3, 'Factura', '147891', '1254', '2020-05-22 00:00:00', '0.30', '615.00', 'Aceptado'),
(6, 1, 1, 'Boleta', '1230', '10', '2020-06-20 00:00:00', '0.00', '15.00', 'Aceptado'),
(7, 1, 1, 'Factura', '3213213', '1', '2020-06-20 00:00:00', '13.00', '615.00', 'Aceptado');

--
-- Índices para tablas volcadas
--

--
-- Indices de la tabla `articulo`
--
ALTER TABLE `articulo`
  ADD PRIMARY KEY (`idarticulo`),
  ADD UNIQUE KEY `nombre_UNIQUE` (`nombre`),
  ADD KEY `fk_articulo_categoria_idx` (`idcategoria`);

--
-- Indices de la tabla `categoria`
--
ALTER TABLE `categoria`
  ADD PRIMARY KEY (`idcategoria`),
  ADD UNIQUE KEY `nombre_UNIQUE` (`nombre`);

--
-- Indices de la tabla `detalle_ingreso`
--
ALTER TABLE `detalle_ingreso`
  ADD PRIMARY KEY (`iddetalle_ingreso`),
  ADD KEY `fk_detalle_ingreso_ingreso_idx` (`idingreso`),
  ADD KEY `fk_detalle_ingreso_articulo_idx` (`idarticulo`);

--
-- Indices de la tabla `detalle_venta`
--
ALTER TABLE `detalle_venta`
  ADD PRIMARY KEY (`iddetalle_venta`),
  ADD KEY `fk_detalle_venta_venta_idx` (`idventa`),
  ADD KEY `fk_detalle_venta_articulo_idx` (`idarticulo`);

--
-- Indices de la tabla `ingreso`
--
ALTER TABLE `ingreso`
  ADD PRIMARY KEY (`idingreso`),
  ADD KEY `fk_ingreso_persona_idx` (`idproveedor`),
  ADD KEY `fk_ingreso_usuario_idx` (`idusuario`);

--
-- Indices de la tabla `permiso`
--
ALTER TABLE `permiso`
  ADD PRIMARY KEY (`idpermiso`);

--
-- Indices de la tabla `persona`
--
ALTER TABLE `persona`
  ADD PRIMARY KEY (`idpersona`);

--
-- Indices de la tabla `usuario`
--
ALTER TABLE `usuario`
  ADD PRIMARY KEY (`idusuario`),
  ADD UNIQUE KEY `login_UNIQUE` (`login`);

--
-- Indices de la tabla `usuario_permiso`
--
ALTER TABLE `usuario_permiso`
  ADD PRIMARY KEY (`idusuario_permiso`),
  ADD KEY `fk_usuario_permiso_permiso_idx` (`idpermiso`),
  ADD KEY `fk_usuario_permiso_usuario_idx` (`idusuario`);

--
-- Indices de la tabla `venta`
--
ALTER TABLE `venta`
  ADD PRIMARY KEY (`idventa`),
  ADD KEY `fk_venta_persona_idx` (`idcliente`),
  ADD KEY `fk_venta_usuario_idx` (`idusuario`);

--
-- AUTO_INCREMENT de las tablas volcadas
--

--
-- AUTO_INCREMENT de la tabla `articulo`
--
ALTER TABLE `articulo`
  MODIFY `idarticulo` int(11) NOT NULL AUTO_INCREMENT, AUTO_INCREMENT=4;

--
-- AUTO_INCREMENT de la tabla `categoria`
--
ALTER TABLE `categoria`
  MODIFY `idcategoria` int(11) NOT NULL AUTO_INCREMENT, AUTO_INCREMENT=6;

--
-- AUTO_INCREMENT de la tabla `detalle_ingreso`
--
ALTER TABLE `detalle_ingreso`
  MODIFY `iddetalle_ingreso` int(11) NOT NULL AUTO_INCREMENT, AUTO_INCREMENT=3;

--
-- AUTO_INCREMENT de la tabla `detalle_venta`
--
ALTER TABLE `detalle_venta`
  MODIFY `iddetalle_venta` int(11) NOT NULL AUTO_INCREMENT, AUTO_INCREMENT=10;

--
-- AUTO_INCREMENT de la tabla `ingreso`
--
ALTER TABLE `ingreso`
  MODIFY `idingreso` int(11) NOT NULL AUTO_INCREMENT, AUTO_INCREMENT=3;

--
-- AUTO_INCREMENT de la tabla `permiso`
--
ALTER TABLE `permiso`
  MODIFY `idpermiso` int(11) NOT NULL AUTO_INCREMENT, AUTO_INCREMENT=8;

--
-- AUTO_INCREMENT de la tabla `persona`
--
ALTER TABLE `persona`
  MODIFY `idpersona` int(11) NOT NULL AUTO_INCREMENT, AUTO_INCREMENT=3;

--
-- AUTO_INCREMENT de la tabla `usuario`
--
ALTER TABLE `usuario`
  MODIFY `idusuario` int(11) NOT NULL AUTO_INCREMENT, AUTO_INCREMENT=7;

--
-- AUTO_INCREMENT de la tabla `usuario_permiso`
--
ALTER TABLE `usuario_permiso`
  MODIFY `idusuario_permiso` int(11) NOT NULL AUTO_INCREMENT, AUTO_INCREMENT=144;

--
-- AUTO_INCREMENT de la tabla `venta`
--
ALTER TABLE `venta`
  MODIFY `idventa` int(11) NOT NULL AUTO_INCREMENT, AUTO_INCREMENT=8;

--
-- Restricciones para tablas volcadas
--

--
-- Filtros para la tabla `articulo`
--
ALTER TABLE `articulo`
  ADD CONSTRAINT `fk_articulo_categoria` FOREIGN KEY (`idcategoria`) REFERENCES `categoria` (`idcategoria`) ON DELETE NO ACTION ON UPDATE NO ACTION;

--
-- Filtros para la tabla `detalle_ingreso`
--
ALTER TABLE `detalle_ingreso`
  ADD CONSTRAINT `fk_detalle_ingreso_articulo` FOREIGN KEY (`idarticulo`) REFERENCES `articulo` (`idarticulo`) ON DELETE NO ACTION ON UPDATE NO ACTION,
  ADD CONSTRAINT `fk_detalle_ingreso_ingreso` FOREIGN KEY (`idingreso`) REFERENCES `ingreso` (`idingreso`) ON DELETE NO ACTION ON UPDATE NO ACTION;

--
-- Filtros para la tabla `detalle_venta`
--
ALTER TABLE `detalle_venta`
  ADD CONSTRAINT `fk_detalle_venta_articulo` FOREIGN KEY (`idarticulo`) REFERENCES `articulo` (`idarticulo`) ON DELETE NO ACTION ON UPDATE NO ACTION,
  ADD CONSTRAINT `fk_detalle_venta_venta` FOREIGN KEY (`idventa`) REFERENCES `venta` (`idventa`) ON DELETE NO ACTION ON UPDATE NO ACTION;

--
-- Filtros para la tabla `ingreso`
--
ALTER TABLE `ingreso`
  ADD CONSTRAINT `fk_ingreso_persona` FOREIGN KEY (`idproveedor`) REFERENCES `persona` (`idpersona`) ON DELETE NO ACTION ON UPDATE NO ACTION,
  ADD CONSTRAINT `fk_ingreso_usuario` FOREIGN KEY (`idusuario`) REFERENCES `usuario` (`idusuario`) ON DELETE NO ACTION ON UPDATE NO ACTION;

--
-- Filtros para la tabla `usuario_permiso`
--
ALTER TABLE `usuario_permiso`
  ADD CONSTRAINT `fk_usuario_permiso_permiso` FOREIGN KEY (`idpermiso`) REFERENCES `permiso` (`idpermiso`) ON DELETE NO ACTION ON UPDATE NO ACTION,
  ADD CONSTRAINT `fk_usuario_permiso_usuario` FOREIGN KEY (`idusuario`) REFERENCES `usuario` (`idusuario`) ON DELETE NO ACTION ON UPDATE NO ACTION;

--
-- Filtros para la tabla `venta`
--
ALTER TABLE `venta`
  ADD CONSTRAINT `fk_venta_persona` FOREIGN KEY (`idcliente`) REFERENCES `persona` (`idpersona`) ON DELETE NO ACTION ON UPDATE NO ACTION,
  ADD CONSTRAINT `fk_venta_usuario` FOREIGN KEY (`idusuario`) REFERENCES `usuario` (`idusuario`) ON DELETE NO ACTION ON UPDATE NO ACTION;
COMMIT;

/*!40101 SET CHARACTER_SET_CLIENT=@OLD_CHARACTER_SET_CLIENT */;
/*!40101 SET CHARACTER_SET_RESULTS=@OLD_CHARACTER_SET_RESULTS */;
/*!40101 SET COLLATION_CONNECTION=@OLD_COLLATION_CONNECTION */;
